,date,year,stage,home_team,away_team,home_score,away_score,outcome,winner,decided_by_shootout,is_host_match,neutral,city,country,home_team_rank,away_team_rank
0,1994-06-17,1994,group,Germany,Bolivia,1,0,home_win,Germany,False,False,True,Chicago,United States,1,43
1,1994-06-17,1994,group,Spain,South Korea,2,2,draw,,False,False,True,Dallas,United States,5,37
2,1994-06-18,1994,group,Colombia,Romania,1,3,away_win,Romania,False,False,True,Pasadena,United States,17,7
3,1994-06-18,1994,group,Italy,Republic of Ireland,0,1,away_win,Republic of Ireland,False,False,True,East Rutherford,United States,4,14
4,1994-06-18,1994,group,United States,Switzerland,1,1,draw,,False,True,False,Pontiac,United States,23,12
5,1994-06-19,1994,group,Belgium,Morocco,1,0,home_win,Belgium,False,False,True,Orlando,United States,27,28
6,1994-06-19,1994,group,Cameroon,Sweden,2,2,draw,,False,False,True,Pasadena,United States,24,10
7,1994-06-19,1994,group,Norway,Mexico,1,0,home_win,Norway,False,False,True,"Washington, D.C.",United States,6,16
8,1994-06-20,1994,group,Brazil,Russia,2,0,home_win,Brazil,False,False,True,Palo Alto,United States,3,19
9,1994-06-20,1994,group,Netherlands,Saudi Arabia,2,1,home_win,Netherlands,False,False,True,"Washington, D.C.",United States,2,34
10,1994-06-21,1994,group,Argentina,Greece,4,0,home_win,Argentina,False,False,True,Foxborough,United States,8,31
11,1994-06-21,1994,group,Germany,Spain,1,1,draw,,False,False,True,Chicago,United States,1,5
12,1994-06-21,1994,group,Nigeria,Bulgaria,3,0,home_win,Nigeria,False,False,True,Dallas,United States,11,29
13,1994-06-22,1994,group,Romania,Switzerland,1,4,away_win,Switzerland,False,False,True,Pontiac,United States,7,12
14,1994-06-22,1994,group,United States,Colombia,2,1,home_win,United States,False,True,False,Pasadena,United States,23,17
15,1994-06-23,1994,group,Italy,Norway,1,0,home_win,Italy,False,False,True,East Rutherford,United States,4,6
16,1994-06-23,1994,group,South Korea,Bolivia,0,0,draw,,False,False,True,Foxborough,United States,37,43
17,1994-06-24,1994,group,Brazil,Cameroon,3,0,home_win,Brazil,False,False,True,Palo Alto,United States,3,24
18,1994-06-24,1994,group,Mexico,Republic of Ireland,2,1,home_win,Mexico,False,False,True,Orlando,United States,16,14
19,1994-06-24,1994,group,Sweden,Russia,3,1,home_win,Sweden,False,False,True,Pontiac,United States,10,19
20,1994-06-25,1994,group,Argentina,Nigeria,2,1,home_win,Argentina,False,False,True,Foxborough,United States,8,11
21,1994-06-25,1994,group,Belgium,Netherlands,1,0,home_win,Belgium,False,False,True,Orlando,United States,27,2
22,1994-06-25,1994,group,Saudi Arabia,Morocco,2,1,home_win,Saudi Arabia,False,False,True,East Rutherford,United States,34,28
23,1994-06-26,1994,group,Bulgaria,Greece,4,0,home_win,Bulgaria,False,False,True,Chicago,United States,29,31
24,1994-06-26,1994,group,Switzerland,Colombia,0,2,away_win,Colombia,False,False,True,Palo Alto,United States,12,17
25,1994-06-26,1994,group,United States,Romania,0,1,away_win,Romania,False,True,False,Pasadena,United States,23,7
26,1994-06-27,1994,group,Bolivia,Spain,1,3,away_win,Spain,False,False,True,Chicago,United States,43,5
27,1994-06-27,1994,group,Germany,South Korea,3,2,home_win,Germany,False,False,True,Dallas,United States,1,37
28,1994-06-28,1994,group,Brazil,Sweden,1,1,draw,,False,False,True,Pontiac,United States,3,10
29,1994-06-28,1994,group,Italy,Mexico,1,1,draw,,False,False,True,"Washington, D.C.",United States,4,16
30,1994-06-28,1994,group,Republic of Ireland,Norway,0,0,draw,,False,False,True,East Rutherford,United States,14,6
31,1994-06-28,1994,group,Russia,Cameroon,6,1,home_win,Russia,False,False,True,Palo Alto,United States,19,24
32,1994-06-29,1994,group,Belgium,Saudi Arabia,0,1,away_win,Saudi Arabia,False,False,True,"Washington, D.C.",United States,27,34
33,1994-06-29,1994,group,Morocco,Netherlands,1,2,away_win,Netherlands,False,False,True,Orlando,United States,28,2
34,1994-06-30,1994,group,Argentina,Bulgaria,0,2,away_win,Bulgaria,False,False,True,Dallas,United States,8,29
35,1994-06-30,1994,group,Greece,Nigeria,0,2,away_win,Nigeria,False,False,True,Foxborough,United States,31,11
36,1994-07-02,1994,knockout,Germany,Belgium,3,2,home_win,Germany,False,False,True,Chicago,United States,1,27
37,1994-07-02,1994,knockout,Spain,Switzerland,3,0,home_win,Spain,False,False,True,"Washington, D.C.",United States,5,12
38,1994-07-03,1994,knockout,Romania,Argentina,3,2,home_win,Romania,False,False,True,Pasadena,United States,7,8
39,1994-07-03,1994,knockout,Saudi Arabia,Sweden,1,3,away_win,Sweden,False,False,True,Dallas,United States,34,10
40,1994-07-04,1994,knockout,Netherlands,Republic of Ireland,2,0,home_win,Netherlands,False,False,True,Orlando,United States,2,14
41,1994-07-04,1994,knockout,United States,Brazil,0,1,away_win,Brazil,False,True,False,Palo Alto,United States,23,3
42,1994-07-05,1994,knockout,Mexico,Bulgaria,1,1,draw,Bulgaria,True,False,True,East Rutherford,United States,16,29
43,1994-07-05,1994,knockout,Nigeria,Italy,1,2,away_win,Italy,False,False,True,Foxborough,United States,11,4
44,1994-07-09,1994,knockout,Italy,Spain,2,1,home_win,Italy,False,False,True,Foxborough,United States,4,5
45,1994-07-09,1994,knockout,Netherlands,Brazil,2,3,away_win,Brazil,False,False,True,Dallas,United States,2,3
46,1994-07-10,1994,knockout,Bulgaria,Germany,2,1,home_win,Bulgaria,False,False,True,East Rutherford,United States,29,1
47,1994-07-10,1994,knockout,Romania,Sweden,2,2,draw,Sweden,True,False,True,Palo Alto,United States,7,10
48,1994-07-13,1994,knockout,Bulgaria,Italy,1,2,away_win,Italy,False,False,True,East Rutherford,United States,29,4
49,1994-07-13,1994,knockout,Sweden,Brazil,0,1,away_win,Brazil,False,False,True,Pasadena,United States,10,3
50,1994-07-16,1994,knockout,Sweden,Bulgaria,4,0,home_win,Sweden,False,False,True,Pasadena,United States,10,29
51,1994-07-17,1994,knockout,Brazil,Italy,0,0,draw,Brazil,True,False,True,Pasadena,United States,3,4
52,1998-06-10,1998,group,Brazil,Scotland,2,1,home_win,Brazil,False,False,True,Saint-Denis,France,1,41
53,1998-06-10,1998,group,Morocco,Norway,2,2,draw,,False,False,True,Montpellier,France,13,7
54,1998-06-11,1998,group,Cameroon,Austria,1,1,draw,,False,False,True,Toulouse,France,49,31
55,1998-06-11,1998,group,Italy,Chile,2,2,draw,,False,False,True,Bordeaux,France,14,9
56,1998-06-12,1998,group,France,South Africa,3,0,home_win,France,False,True,False,Marseille,France,18,24
57,1998-06-12,1998,group,Paraguay,Bulgaria,0,0,draw,,False,False,True,Montpellier,France,29,35
58,1998-06-12,1998,group,Saudi Arabia,Denmark,0,1,away_win,Denmark,False,False,True,Lens,France,34,27
59,1998-06-13,1998,group,Netherlands,Belgium,0,0,draw,,False,False,True,Saint-Denis,France,25,36
60,1998-06-13,1998,group,South Korea,Mexico,1,3,away_win,Mexico,False,False,True,Lyon,France,20,4
61,1998-06-13,1998,group,Spain,Nigeria,2,3,away_win,Nigeria,False,False,True,Nantes,France,15,74
62,1998-06-14,1998,group,Argentina,Japan,1,0,home_win,Argentina,False,False,True,Toulouse,France,6,12
63,1998-06-14,1998,group,Jamaica,Croatia,1,3,away_win,Croatia,False,False,True,Lens,France,30,19
65,1998-06-15,1998,group,England,Tunisia,2,0,home_win,England,False,False,True,Marseille,France,5,21
66,1998-06-15,1998,group,Germany,United States,2,0,home_win,Germany,False,False,True,Paris,France,2,11
67,1998-06-15,1998,group,Romania,Colombia,1,0,home_win,Romania,False,False,True,Lyon,France,22,10
68,1998-06-16,1998,group,Brazil,Morocco,3,0,home_win,Brazil,False,False,True,Nantes,France,1,13
69,1998-06-16,1998,group,Scotland,Norway,1,1,draw,,False,False,True,Bordeaux,France,41,7
70,1998-06-17,1998,group,Chile,Austria,1,1,draw,,False,False,True,Saint-Étienne,France,9,31
71,1998-06-17,1998,group,Italy,Cameroon,3,0,home_win,Italy,False,False,True,Montpellier,France,14,49
72,1998-06-18,1998,group,France,Saudi Arabia,4,0,home_win,France,False,True,False,Saint-Denis,France,18,34
73,1998-06-18,1998,group,South Africa,Denmark,1,1,draw,,False,False,True,Toulouse,France,24,27
74,1998-06-19,1998,group,Nigeria,Bulgaria,1,0,home_win,Nigeria,False,False,True,Paris,France,74,35
75,1998-06-19,1998,group,Spain,Paraguay,0,0,draw,,False,False,True,Saint-Étienne,France,15,29
76,1998-06-20,1998,group,Belgium,Mexico,2,2,draw,,False,False,True,Bordeaux,France,36,4
77,1998-06-20,1998,group,Japan,Croatia,0,1,away_win,Croatia,False,False,True,Nantes,France,12,19
78,1998-06-20,1998,group,Netherlands,South Korea,5,0,home_win,Netherlands,False,False,True,Marseille,France,25,20
79,1998-06-21,1998,group,Argentina,Jamaica,5,0,home_win,Argentina,False,False,True,Paris,France,6,30
81,1998-06-21,1998,group,United States,Iran,1,2,away_win,Iran,False,False,True,Lyon,France,11,42
82,1998-06-22,1998,group,Colombia,Tunisia,1,0,home_win,Colombia,False,False,True,Montpellier,France,10,21
83,1998-06-22,1998,group,Romania,England,2,1,home_win,Romania,False,False,True,Toulouse,France,22,5
84,1998-06-23,1998,group,Brazil,Norway,1,2,away_win,Norway,False,False,True,Marseille,France,1,7
85,1998-06-23,1998,group,Chile,Cameroon,1,1,draw,,False,False,True,Nantes,France,9,49
86,1998-06-23,1998,group,Italy,Austria,2,1,home_win,Italy,False,False,True,Saint-Denis,France,14,31
87,1998-06-23,1998,group,Scotland,Morocco,0,3,away_win,Morocco,False,False,True,Saint-Étienne,France,41,13
88,1998-06-24,1998,group,France,Denmark,2,1,home_win,France,False,True,False,Lyon,France,18,27
89,1998-06-24,1998,group,Nigeria,Paraguay,1,3,away_win,Paraguay,False,False,True,Toulouse,France,74,29
90,1998-06-24,1998,group,South Africa,Saudi Arabia,2,2,draw,,False,False,True,Bordeaux,France,24,34
91,1998-06-24,1998,group,Spain,Bulgaria,6,1,home_win,Spain,False,False,True,Lens,France,15,35
92,1998-06-25,1998,group,Belgium,South Korea,1,1,draw,,False,False,True,Paris,France,36,20
93,1998-06-25,1998,group,Germany,Iran,2,0,home_win,Germany,False,False,True,Montpellier,France,2,42
94,1998-06-25,1998,group,Netherlands,Mexico,2,2,draw,,False,False,True,Saint-Étienne,France,25,4
96,1998-06-26,1998,group,Argentina,Croatia,1,0,home_win,Argentina,False,False,True,Bordeaux,France,6,19
97,1998-06-26,1998,group,Colombia,England,0,2,away_win,England,False,False,True,Lens,France,10,5
98,1998-06-26,1998,group,Japan,Jamaica,1,2,away_win,Jamaica,False,False,True,Lyon,France,12,30
99,1998-06-26,1998,group,Romania,Tunisia,1,1,draw,,False,False,True,Saint-Denis,France,22,21
100,1998-06-27,1998,knockout,Brazil,Chile,4,1,home_win,Brazil,False,False,True,Paris,France,1,9
101,1998-06-27,1998,knockout,Italy,Norway,1,0,home_win,Italy,False,False,True,Marseille,France,14,7
102,1998-06-28,1998,knockout,France,Paraguay,1,0,home_win,France,False,True,False,Lens,France,18,29
103,1998-06-28,1998,knockout,Nigeria,Denmark,1,4,away_win,Denmark,False,False,True,Saint-Denis,France,74,27
104,1998-06-29,1998,knockout,Germany,Mexico,2,1,home_win,Germany,False,False,True,Montpellier,France,2,4
106,1998-06-30,1998,knockout,Argentina,England,2,2,draw,Argentina,True,False,True,Saint-Étienne,France,6,5
107,1998-06-30,1998,knockout,Romania,Croatia,0,1,away_win,Croatia,False,False,True,Bordeaux,France,22,19
108,1998-07-03,1998,knockout,Brazil,Denmark,3,2,home_win,Brazil,False,False,True,Nantes,France,1,27
109,1998-07-03,1998,knockout,France,Italy,0,0,draw,France,True,True,False,Saint-Denis,France,18,14
110,1998-07-04,1998,knockout,Germany,Croatia,0,3,away_win,Croatia,False,False,True,Lyon,France,2,19
111,1998-07-04,1998,knockout,Netherlands,Argentina,2,1,home_win,Netherlands,False,False,True,Marseille,France,25,6
112,1998-07-07,1998,knockout,Brazil,Netherlands,1,1,draw,Brazil,True,False,True,Marseille,France,1,25
113,1998-07-08,1998,knockout,France,Croatia,2,1,home_win,France,False,True,False,Saint-Denis,France,18,19
114,1998-07-11,1998,knockout,Netherlands,Croatia,1,2,away_win,Croatia,False,False,True,Paris,France,25,19
115,1998-07-12,1998,knockout,France,Brazil,3,0,home_win,France,False,True,False,Saint-Denis,France,18,1
116,2002-05-31,2002,group,France,Senegal,0,1,away_win,Senegal,False,False,True,Seoul,South Korea,1,42
117,2002-06-01,2002,group,Germany,Saudi Arabia,8,0,home_win,Germany,False,False,True,Sapporo,Japan,11,34
118,2002-06-01,2002,group,Republic of Ireland,Cameroon,1,1,draw,,False,False,True,Niigata,Japan,15,17
119,2002-06-01,2002,group,Uruguay,Denmark,1,2,away_win,Denmark,False,False,True,Ulsan,South Korea,24,20
120,2002-06-02,2002,group,Argentina,Nigeria,1,0,home_win,Argentina,False,False,True,Kashima,Japan,3,27
121,2002-06-02,2002,group,England,Sweden,1,1,draw,,False,False,True,Saitama,Japan,12,19
122,2002-06-02,2002,group,Paraguay,South Africa,2,2,draw,,False,False,True,Busan,South Korea,18,37
123,2002-06-02,2002,group,Spain,Slovenia,3,1,home_win,Spain,False,False,True,Gwangju,South Korea,8,25
124,2002-06-03,2002,group,Brazil,Turkey,2,1,home_win,Brazil,False,False,True,Ulsan,South Korea,2,22
125,2002-06-03,2002,group,Croatia,Mexico,0,1,away_win,Mexico,False,False,True,Niigata,Japan,21,7
126,2002-06-03,2002,group,Italy,Ecuador,2,0,home_win,Italy,False,False,True,Sapporo,Japan,6,36
127,2002-06-04,2002,group,China,Costa Rica,0,2,away_win,Costa Rica,False,False,True,Gwangju,South Korea,50,29
128,2002-06-04,2002,group,Japan,Belgium,2,2,draw,,False,True,False,Saitama,Japan,32,23
129,2002-06-04,2002,group,South Korea,Poland,2,0,home_win,South Korea,False,True,False,Busan,South Korea,40,38
130,2002-06-05,2002,group,Germany,Republic of Ireland,1,1,draw,,False,False,True,Kashima,Japan,11,15
131,2002-06-05,2002,group,Russia,Tunisia,2,0,home_win,Russia,False,False,True,Kobe,Japan,28,31
132,2002-06-05,2002,group,United States,Portugal,3,2,home_win,United States,False,False,True,Suwon,South Korea,13,5
133,2002-06-06,2002,group,Cameroon,Saudi Arabia,1,0,home_win,Cameroon,False,False,True,Saitama,Japan,17,34
134,2002-06-06,2002,group,Denmark,Senegal,1,1,draw,,False,False,True,Daegu,South Korea,20,42
135,2002-06-06,2002,group,France,Uruguay,0,0,draw,,False,False,True,Busan,South Korea,1,24
136,2002-06-07,2002,group,Argentina,England,0,1,away_win,England,False,False,True,Sapporo,Japan,3,12
137,2002-06-07,2002,group,Spain,Paraguay,3,1,home_win,Spain,False,False,True,Jeonju,South Korea,8,18
138,2002-06-07,2002,group,Sweden,Nigeria,2,1,home_win,Sweden,False,False,True,Kobe,Japan,19,27
139,2002-06-08,2002,group,Brazil,China,4,0,home_win,Brazil,False,False,True,Seogwipo,South Korea,2,50
140,2002-06-08,2002,group,Italy,Croatia,1,2,away_win,Croatia,False,False,True,Kashima,Japan,6,21
141,2002-06-08,2002,group,South Africa,Slovenia,1,0,home_win,South Africa,False,False,True,Daegu,South Korea,37,25
142,2002-06-09,2002,group,Costa Rica,Turkey,1,1,draw,,False,False,True,Incheon,South Korea,29,22
143,2002-06-09,2002,group,Japan,Russia,1,0,home_win,Japan,False,True,False,Yokohama,Japan,32,28
144,2002-06-09,2002,group,Mexico,Ecuador,2,1,home_win,Mexico,False,False,True,Rifu,Japan,7,36
145,2002-06-10,2002,group,Portugal,Poland,4,0,home_win,Portugal,False,False,True,Jeonju,South Korea,5,38
146,2002-06-10,2002,group,South Korea,United States,1,1,draw,,False,True,False,Daegu,South Korea,40,13
147,2002-06-10,2002,group,Tunisia,Belgium,1,1,draw,,False,False,True,Ōita,Japan,31,23
148,2002-06-11,2002,group,Cameroon,Germany,0,2,away_win,Germany,False,False,True,Fukuroi,Japan,17,11
149,2002-06-11,2002,group,Denmark,France,2,0,home_win,Denmark,False,False,True,Incheon,South Korea,20,1
150,2002-06-11,2002,group,Saudi Arabia,Republic of Ireland,0,3,away_win,Republic of Ireland,False,False,True,Yokohama,Japan,34,15
151,2002-06-11,2002,group,Senegal,Uruguay,3,3,draw,,False,False,True,Suwon,South Korea,42,24
152,2002-06-12,2002,group,Nigeria,England,0,0,draw,,False,False,True,Osaka,Japan,27,12
153,2002-06-12,2002,group,Slovenia,Paraguay,1,3,away_win,Paraguay,False,False,True,Seogwipo,South Korea,25,18
154,2002-06-12,2002,group,South Africa,Spain,2,3,away_win,Spain,False,False,True,Daejeon,South Korea,37,8
155,2002-06-12,2002,group,Sweden,Argentina,1,1,draw,,False,False,True,Rifu,Japan,19,3
156,2002-06-13,2002,group,Costa Rica,Brazil,2,5,away_win,Brazil,False,False,True,Suwon,South Korea,29,2
157,2002-06-13,2002,group,Ecuador,Croatia,1,0,home_win,Ecuador,False,False,True,Yokohama,Japan,36,21
158,2002-06-13,2002,group,Mexico,Italy,1,1,draw,,False,False,True,Ōita,Japan,7,6
159,2002-06-13,2002,group,Turkey,China,3,0,home_win,Turkey,False,False,True,Seoul,South Korea,22,50
160,2002-06-14,2002,group,Belgium,Russia,3,2,home_win,Belgium,False,False,True,Fukuroi,Japan,23,28
161,2002-06-14,2002,group,Japan,Tunisia,2,0,home_win,Japan,False,True,False,Osaka,Japan,32,31
162,2002-06-14,2002,group,Poland,United States,3,1,home_win,Poland,False,False,True,Daejeon,South Korea,38,13
163,2002-06-14,2002,group,South Korea,Portugal,1,0,home_win,South Korea,False,True,False,Incheon,South Korea,40,5
164,2002-06-15,2002,knockout,Denmark,England,0,3,away_win,England,False,False,True,Niigata,Japan,20,12
165,2002-06-15,2002,knockout,Germany,Paraguay,1,0,home_win,Germany,False,False,True,Seogwipo,South Korea,11,18
166,2002-06-16,2002,knockout,Spain,Republic of Ireland,1,1,draw,Spain,True,False,True,Suwon,South Korea,8,15
167,2002-06-16,2002,knockout,Sweden,Senegal,1,2,away_win,Senegal,False,False,True,Ōita,Japan,19,42
168,2002-06-17,2002,knockout,Brazil,Belgium,2,0,home_win,Brazil,False,False,True,Kobe,Japan,2,23
169,2002-06-17,2002,knockout,Mexico,United States,0,2,away_win,United States,False,False,True,Jeonju,South Korea,7,13
170,2002-06-18,2002,knockout,Japan,Turkey,0,1,away_win,Turkey,False,True,False,Rifu,Japan,32,22
171,2002-06-18,2002,knockout,South Korea,Italy,2,1,home_win,South Korea,False,True,False,Daejeon,South Korea,40,6
172,2002-06-21,2002,knockout,England,Brazil,1,2,away_win,Brazil,False,False,True,Fukuroi,Japan,12,2
173,2002-06-21,2002,knockout,Germany,United States,1,0,home_win,Germany,False,False,True,Ulsan,South Korea,11,13
174,2002-06-22,2002,knockout,Senegal,Turkey,0,1,away_win,Turkey,False,False,True,Osaka,Japan,42,22
175,2002-06-22,2002,knockout,South Korea,Spain,0,0,draw,South Korea,True,True,False,Gwangju,South Korea,40,8
176,2002-06-25,2002,knockout,South Korea,Germany,0,1,away_win,Germany,False,True,False,Seoul,South Korea,40,11
177,2002-06-26,2002,knockout,Brazil,Turkey,1,0,home_win,Brazil,False,False,True,Saitama,Japan,2,22
178,2002-06-29,2002,knockout,South Korea,Turkey,2,3,away_win,Turkey,False,True,False,Daegu,South Korea,40,22
179,2002-06-30,2002,knockout,Germany,Brazil,0,2,away_win,Brazil,False,False,True,Yokohama,Japan,11,2
180,2006-06-09,2006,group,Germany,Costa Rica,4,2,home_win,Germany,False,True,False,Munich,Germany,19,26
181,2006-06-09,2006,group,Poland,Ecuador,0,2,away_win,Ecuador,False,False,True,Gelsenkirchen,Germany,29,39
182,2006-06-10,2006,group,Argentina,Ivory Coast,2,1,home_win,Argentina,False,False,True,Hamburg,Germany,9,32
183,2006-06-10,2006,group,England,Paraguay,1,0,home_win,England,False,False,True,Frankfurt,Germany,10,33
184,2006-06-10,2006,group,Trinidad and Tobago,Sweden,0,0,draw,,False,False,True,Dortmund,Germany,47,16
185,2006-06-11,2006,group,Angola,Portugal,0,1,away_win,Portugal,False,False,True,Cologne,Germany,57,7
186,2006-06-11,2006,group,Mexico,Iran,3,1,home_win,Mexico,False,False,True,Nuremberg,Germany,4,23
187,2006-06-11,2006,group,Serbia,Netherlands,0,1,away_win,Netherlands,False,False,True,Leipzig,Germany,44,3
188,2006-06-12,2006,group,Australia,Japan,3,1,home_win,Australia,False,False,True,Kaiserslautern,Germany,42,18
189,2006-06-12,2006,group,Italy,Ghana,2,0,home_win,Italy,False,False,True,Hanover,Germany,13,48
190,2006-06-12,2006,group,United States,Czech Republic,0,3,away_win,Czech Republic,False,False,True,Gelsenkirchen,Germany,5,2
191,2006-06-13,2006,group,Brazil,Croatia,1,0,home_win,Brazil,False,False,True,Berlin,Germany,1,23
192,2006-06-13,2006,group,France,Switzerland,0,0,draw,,False,False,True,Stuttgart,Germany,8,35
193,2006-06-13,2006,group,South Korea,Togo,2,1,home_win,South Korea,False,False,True,Frankfurt,Germany,29,61
194,2006-06-14,2006,group,Germany,Poland,1,0,home_win,Germany,False,True,False,Dortmund,Germany,19,29
195,2006-06-14,2006,group,Spain,Ukraine,4,0,home_win,Spain,False,False,True,Leipzig,Germany,5,45
196,2006-06-14,2006,group,Tunisia,Saudi Arabia,2,2,draw,,False,False,True,Munich,Germany,21,34
197,2006-06-15,2006,group,Ecuador,Costa Rica,3,0,home_win,Ecuador,False,False,True,Hamburg,Germany,39,26
198,2006-06-15,2006,group,England,Trinidad and Tobago,2,0,home_win,England,False,False,True,Nuremberg,Germany,10,47
199,2006-06-15,2006,group,Sweden,Paraguay,1,0,home_win,Sweden,False,False,True,Berlin,Germany,16,33
200,2006-06-16,2006,group,Argentina,Serbia,6,0,home_win,Argentina,False,False,True,Gelsenkirchen,Germany,9,44
201,2006-06-16,2006,group,Mexico,Angola,0,0,draw,,False,False,True,Hanover,Germany,4,57
202,2006-06-16,2006,group,Netherlands,Ivory Coast,2,1,home_win,Netherlands,False,False,True,Stuttgart,Germany,3,32
203,2006-06-17,2006,group,Czech Republic,Ghana,0,2,away_win,Ghana,False,False,True,Cologne,Germany,2,48
204,2006-06-17,2006,group,Italy,United States,1,1,draw,,False,False,True,Kaiserslautern,Germany,13,5
205,2006-06-17,2006,group,Portugal,Iran,2,0,home_win,Portugal,False,False,True,Frankfurt,Germany,7,23
206,2006-06-18,2006,group,Brazil,Australia,2,0,home_win,Brazil,False,False,True,Munich,Germany,1,42
207,2006-06-18,2006,group,France,South Korea,1,1,draw,,False,False,True,Leipzig,Germany,8,29
208,2006-06-18,2006,group,Japan,Croatia,0,0,draw,,False,False,True,Nuremberg,Germany,18,23
209,2006-06-19,2006,group,Saudi Arabia,Ukraine,0,4,away_win,Ukraine,False,False,True,Hamburg,Germany,34,45
210,2006-06-19,2006,group,Spain,Tunisia,3,1,home_win,Spain,False,False,True,Stuttgart,Germany,5,21
211,2006-06-19,2006,group,Togo,Switzerland,0,2,away_win,Switzerland,False,False,True,Dortmund,Germany,61,35
212,2006-06-20,2006,group,Costa Rica,Poland,1,2,away_win,Poland,False,False,True,Hanover,Germany,26,29
213,2006-06-20,2006,group,Germany,Ecuador,3,0,home_win,Germany,False,True,False,Berlin,Germany,19,39
214,2006-06-20,2006,group,Paraguay,Trinidad and Tobago,2,0,home_win,Paraguay,False,False,True,Kaiserslautern,Germany,33,47
215,2006-06-20,2006,group,Sweden,England,2,2,draw,,False,False,True,Cologne,Germany,16,10
216,2006-06-21,2006,group,Iran,Angola,1,1,draw,,False,False,True,Leipzig,Germany,23,57
217,2006-06-21,2006,group,Ivory Coast,Serbia,3,2,home_win,Ivory Coast,False,False,True,Munich,Germany,32,44
218,2006-06-21,2006,group,Netherlands,Argentina,0,0,draw,,False,False,True,Frankfurt,Germany,3,9
219,2006-06-21,2006,group,Portugal,Mexico,2,1,home_win,Portugal,False,False,True,Gelsenkirchen,Germany,7,4
220,2006-06-22,2006,group,Croatia,Australia,2,2,draw,,False,False,True,Stuttgart,Germany,23,42
221,2006-06-22,2006,group,Czech Republic,Italy,0,2,away_win,Italy,False,False,True,Hamburg,Germany,2,13
222,2006-06-22,2006,group,Ghana,United States,2,1,home_win,Ghana,False,False,True,Nuremberg,Germany,48,5
223,2006-06-22,2006,group,Japan,Brazil,1,4,away_win,Brazil,False,False,True,Dortmund,Germany,18,1
224,2006-06-23,2006,group,Saudi Arabia,Spain,0,1,away_win,Spain,False,False,True,Kaiserslautern,Germany,34,5
225,2006-06-23,2006,group,Switzerland,South Korea,2,0,home_win,Switzerland,False,False,True,Hanover,Germany,35,29
226,2006-06-23,2006,group,Togo,France,0,2,away_win,France,False,False,True,Cologne,Germany,61,8
227,2006-06-23,2006,group,Ukraine,Tunisia,1,0,home_win,Ukraine,False,False,True,Berlin,Germany,45,21
228,2006-06-24,2006,knockout,Argentina,Mexico,2,1,home_win,Argentina,False,False,True,Leipzig,Germany,9,4
229,2006-06-24,2006,knockout,Germany,Sweden,2,0,home_win,Germany,False,True,False,Munich,Germany,19,16
230,2006-06-25,2006,knockout,England,Ecuador,1,0,home_win,England,False,False,True,Stuttgart,Germany,10,39
231,2006-06-25,2006,knockout,Portugal,Netherlands,1,0,home_win,Portugal,False,False,True,Nuremberg,Germany,7,3
232,2006-06-26,2006,knockout,Italy,Australia,1,0,home_win,Italy,False,False,True,Kaiserslautern,Germany,13,42
233,2006-06-26,2006,knockout,Switzerland,Ukraine,0,0,draw,Ukraine,True,False,True,Cologne,Germany,35,45
234,2006-06-27,2006,knockout,Brazil,Ghana,3,0,home_win,Brazil,False,False,True,Dortmund,Germany,1,48
235,2006-06-27,2006,knockout,Spain,France,1,3,away_win,France,False,False,True,Hanover,Germany,5,8
236,2006-06-30,2006,knockout,Germany,Argentina,1,1,draw,Germany,True,True,False,Berlin,Germany,19,9
237,2006-06-30,2006,knockout,Italy,Ukraine,3,0,home_win,Italy,False,False,True,Hamburg,Germany,13,45
238,2006-07-01,2006,knockout,Brazil,France,0,1,away_win,France,False,False,True,Frankfurt,Germany,1,8
239,2006-07-01,2006,knockout,England,Portugal,0,0,draw,Portugal,True,False,True,Gelsenkirchen,Germany,10,7
240,2006-07-04,2006,knockout,Germany,Italy,0,2,away_win,Italy,False,True,False,Dortmund,Germany,19,13
241,2006-07-05,2006,knockout,Portugal,France,0,1,away_win,France,False,False,True,Munich,Germany,7,8
242,2006-07-08,2006,knockout,Germany,Portugal,3,1,home_win,Germany,False,True,False,Stuttgart,Germany,19,7
243,2006-07-09,2006,knockout,Italy,France,1,1,draw,Italy,True,False,True,Berlin,Germany,13,8
244,2010-06-11,2010,group,South Africa,Mexico,1,1,draw,,False,True,False,Johannesburg,South Africa,83,17
245,2010-06-11,2010,group,Uruguay,France,0,0,draw,,False,False,True,Cape Town,South Africa,16,9
246,2010-06-12,2010,group,Argentina,Nigeria,1,0,home_win,Argentina,False,False,True,Johannesburg,South Africa,7,21
247,2010-06-12,2010,group,England,United States,1,1,draw,,False,False,True,Rustenburg,South Africa,8,14
248,2010-06-12,2010,group,South Korea,Greece,2,0,home_win,South Korea,False,False,True,Port Elizabeth,South Africa,47,13
249,2010-06-13,2010,group,Algeria,Slovenia,0,1,away_win,Slovenia,False,False,True,Polokwane,South Africa,30,25
250,2010-06-13,2010,group,Germany,Australia,4,0,home_win,Germany,False,False,True,Durban,South Africa,6,20
251,2010-06-13,2010,group,Serbia,Ghana,0,1,away_win,Ghana,False,False,True,Pretoria,South Africa,15,32
252,2010-06-14,2010,group,Italy,Paraguay,1,1,draw,,False,False,True,Cape Town,South Africa,5,31
253,2010-06-14,2010,group,Japan,Cameroon,1,0,home_win,Japan,False,False,True,Bloemfontein,South Africa,45,19
254,2010-06-14,2010,group,Netherlands,Denmark,2,0,home_win,Netherlands,False,False,True,Johannesburg,South Africa,4,36
255,2010-06-15,2010,group,Brazil,North Korea,2,1,home_win,Brazil,False,False,True,Johannesburg,South Africa,1,105
256,2010-06-15,2010,group,Ivory Coast,Portugal,0,0,draw,,False,False,True,Port Elizabeth,South Africa,27,3
257,2010-06-15,2010,group,New Zealand,Slovakia,1,1,draw,,False,False,True,Rustenburg,South Africa,78,34
258,2010-06-16,2010,group,Honduras,Chile,0,1,away_win,Chile,False,False,True,Nelspruit,South Africa,38,18
259,2010-06-16,2010,group,South Africa,Uruguay,0,3,away_win,Uruguay,False,True,False,Pretoria,South Africa,83,16
260,2010-06-16,2010,group,Spain,Switzerland,0,1,away_win,Switzerland,False,False,True,Durban,South Africa,2,24
261,2010-06-17,2010,group,Argentina,South Korea,4,1,home_win,Argentina,False,False,True,Johannesburg,South Africa,7,47
262,2010-06-17,2010,group,France,Mexico,0,2,away_win,Mexico,False,False,True,Polokwane,South Africa,9,17
263,2010-06-17,2010,group,Greece,Nigeria,2,1,home_win,Greece,False,False,True,Bloemfontein,South Africa,13,21
264,2010-06-18,2010,group,England,Algeria,0,0,draw,,False,False,True,Cape Town,South Africa,8,30
265,2010-06-18,2010,group,Germany,Serbia,0,1,away_win,Serbia,False,False,True,Port Elizabeth,South Africa,6,15
266,2010-06-18,2010,group,Slovenia,United States,2,2,draw,,False,False,True,Johannesburg,South Africa,25,14
267,2010-06-19,2010,group,Cameroon,Denmark,1,2,away_win,Denmark,False,False,True,Pretoria,South Africa,19,36
268,2010-06-19,2010,group,Ghana,Australia,1,1,draw,,False,False,True,Rustenburg,South Africa,32,20
269,2010-06-19,2010,group,Netherlands,Japan,1,0,home_win,Netherlands,False,False,True,Durban,South Africa,4,45
270,2010-06-20,2010,group,Brazil,Ivory Coast,3,1,home_win,Brazil,False,False,True,Johannesburg,South Africa,1,27
271,2010-06-20,2010,group,Italy,New Zealand,1,1,draw,,False,False,True,Nelspruit,South Africa,5,78
272,2010-06-20,2010,group,Slovakia,Paraguay,0,2,away_win,Paraguay,False,False,True,Bloemfontein,South Africa,34,31
273,2010-06-21,2010,group,Chile,Switzerland,1,0,home_win,Chile,False,False,True,Port Elizabeth,South Africa,18,24
274,2010-06-21,2010,group,Portugal,North Korea,7,0,home_win,Portugal,False,False,True,Cape Town,South Africa,3,105
275,2010-06-21,2010,group,Spain,Honduras,2,0,home_win,Spain,False,False,True,Johannesburg,South Africa,2,38
276,2010-06-22,2010,group,Greece,Argentina,0,2,away_win,Argentina,False,False,True,Polokwane,South Africa,13,7
277,2010-06-22,2010,group,Mexico,Uruguay,0,1,away_win,Uruguay,False,False,True,Rustenburg,South Africa,17,16
278,2010-06-22,2010,group,Nigeria,South Korea,2,2,draw,,False,False,True,Durban,South Africa,21,47
279,2010-06-22,2010,group,South Africa,France,2,1,home_win,South Africa,False,True,False,Bloemfontein,South Africa,83,9
280,2010-06-23,2010,group,Australia,Serbia,2,1,home_win,Australia,False,False,True,Nelspruit,South Africa,20,15
281,2010-06-23,2010,group,Ghana,Germany,0,1,away_win,Germany,False,False,True,Johannesburg,South Africa,32,6
282,2010-06-23,2010,group,Slovenia,England,0,1,away_win,England,False,False,True,Port Elizabeth,South Africa,25,8
283,2010-06-23,2010,group,United States,Algeria,1,0,home_win,United States,False,False,True,Pretoria,South Africa,14,30
284,2010-06-24,2010,group,Cameroon,Netherlands,1,2,away_win,Netherlands,False,False,True,Cape Town,South Africa,19,4
285,2010-06-24,2010,group,Denmark,Japan,1,3,away_win,Japan,False,False,True,Rustenburg,South Africa,36,45
286,2010-06-24,2010,group,Paraguay,New Zealand,0,0,draw,,False,False,True,Polokwane,South Africa,31,78
287,2010-06-24,2010,group,Slovakia,Italy,3,2,home_win,Slovakia,False,False,True,Johannesburg,South Africa,34,5
288,2010-06-25,2010,group,Chile,Spain,1,2,away_win,Spain,False,False,True,Pretoria,South Africa,18,2
289,2010-06-25,2010,group,North Korea,Ivory Coast,0,3,away_win,Ivory Coast,False,False,True,Nelspruit,South Africa,105,27
290,2010-06-25,2010,group,Portugal,Brazil,0,0,draw,,False,False,True,Durban,South Africa,3,1
291,2010-06-25,2010,group,Switzerland,Honduras,0,0,draw,,False,False,True,Bloemfontein,South Africa,24,38
292,2010-06-26,2010,knockout,United States,Ghana,1,2,away_win,Ghana,False,False,True,Rustenburg,South Africa,14,32
293,2010-06-26,2010,knockout,Uruguay,South Korea,2,1,home_win,Uruguay,False,False,True,Port Elizabeth,South Africa,16,47
294,2010-06-27,2010,knockout,Argentina,Mexico,3,1,home_win,Argentina,False,False,True,Johannesburg,South Africa,7,17
295,2010-06-27,2010,knockout,Germany,England,4,1,home_win,Germany,False,False,True,Bloemfontein,South Africa,6,8
296,2010-06-28,2010,knockout,Brazil,Chile,3,0,home_win,Brazil,False,False,True,Johannesburg,South Africa,1,18
297,2010-06-28,2010,knockout,Netherlands,Slovakia,2,1,home_win,Netherlands,False,False,True,Durban,South Africa,4,34
298,2010-06-29,2010,knockout,Paraguay,Japan,0,0,draw,Paraguay,True,False,True,Pretoria,South Africa,31,45
299,2010-06-29,2010,knockout,Spain,Portugal,1,0,home_win,Spain,False,False,True,Cape Town,South Africa,2,3
300,2010-07-02,2010,knockout,Netherlands,Brazil,2,1,home_win,Netherlands,False,False,True,Port Elizabeth,South Africa,4,1
301,2010-07-02,2010,knockout,Uruguay,Ghana,1,1,draw,Uruguay,True,False,True,Johannesburg,South Africa,16,32
302,2010-07-03,2010,knockout,Argentina,Germany,0,4,away_win,Germany,False,False,True,Cape Town,South Africa,7,6
303,2010-07-03,2010,knockout,Paraguay,Spain,0,1,away_win,Spain,False,False,True,Johannesburg,South Africa,31,2
304,2010-07-06,2010,knockout,Uruguay,Netherlands,2,3,away_win,Netherlands,False,False,True,Cape Town,South Africa,16,4
305,2010-07-07,2010,knockout,Germany,Spain,0,1,away_win,Spain,False,False,True,Durban,South Africa,6,2
306,2010-07-10,2010,knockout,Uruguay,Germany,2,3,away_win,Germany,False,False,True,Port Elizabeth,South Africa,16,6
307,2010-07-11,2010,knockout,Netherlands,Spain,0,1,away_win,Spain,False,False,True,Johannesburg,South Africa,4,2
308,2014-06-12,2014,group,Brazil,Croatia,3,1,home_win,Brazil,False,True,False,São Paulo,Brazil,3,18
309,2014-06-13,2014,group,Chile,Australia,3,1,home_win,Chile,False,False,True,Cuiabá,Brazil,14,62
310,2014-06-13,2014,group,Mexico,Cameroon,1,0,home_win,Mexico,False,False,True,Natal,Brazil,20,56
311,2014-06-13,2014,group,Spain,Netherlands,1,5,away_win,Netherlands,False,False,True,Salvador,Brazil,1,15
312,2014-06-14,2014,group,Colombia,Greece,3,0,home_win,Colombia,False,False,True,Belo Horizonte,Brazil,8,12
313,2014-06-14,2014,group,England,Italy,1,2,away_win,Italy,False,False,True,Manaus,Brazil,10,9
314,2014-06-14,2014,group,Ivory Coast,Japan,2,1,home_win,Ivory Coast,False,False,True,Recife,Brazil,23,46
315,2014-06-14,2014,group,Uruguay,Costa Rica,1,3,away_win,Costa Rica,False,False,True,Fortaleza,Brazil,7,28
316,2014-06-15,2014,group,Argentina,Bosnia and Herzegovina,2,1,home_win,Argentina,False,False,True,Rio de Janeiro,Brazil,5,21
317,2014-06-15,2014,group,France,Honduras,3,0,home_win,France,False,False,True,Porto Alegre,Brazil,17,33
318,2014-06-15,2014,group,Switzerland,Ecuador,2,1,home_win,Switzerland,False,False,True,Brasília,Brazil,6,26
319,2014-06-16,2014,group,Germany,Portugal,4,0,home_win,Germany,False,False,True,Salvador,Brazil,2,4
320,2014-06-16,2014,group,Ghana,United States,1,2,away_win,United States,False,False,True,Natal,Brazil,37,13
321,2014-06-16,2014,group,Iran,Nigeria,0,0,draw,,False,False,True,Curitiba,Brazil,43,44
322,2014-06-17,2014,group,Belgium,Algeria,2,1,home_win,Belgium,False,False,True,Belo Horizonte,Brazil,11,22
323,2014-06-17,2014,group,Brazil,Mexico,0,0,draw,,False,True,False,Fortaleza,Brazil,3,20
324,2014-06-17,2014,group,Russia,South Korea,1,1,draw,,False,False,True,Cuiabá,Brazil,19,57
325,2014-06-18,2014,group,Australia,Netherlands,2,3,away_win,Netherlands,False,False,True,Curitiba,Brazil,62,15
326,2014-06-18,2014,group,Cameroon,Croatia,0,4,away_win,Croatia,False,False,True,Manaus,Brazil,56,18
327,2014-06-18,2014,group,Spain,Chile,0,2,away_win,Chile,False,False,True,Rio de Janeiro,Brazil,1,14
328,2014-06-19,2014,group,Colombia,Ivory Coast,2,1,home_win,Colombia,False,False,True,Brasília,Brazil,8,23
329,2014-06-19,2014,group,Japan,Greece,0,0,draw,,False,False,True,Natal,Brazil,46,12
330,2014-06-19,2014,group,Uruguay,England,2,1,home_win,Uruguay,False,False,True,São Paulo,Brazil,7,10
331,2014-06-20,2014,group,Honduras,Ecuador,1,2,away_win,Ecuador,False,False,True,Curitiba,Brazil,33,26
332,2014-06-20,2014,group,Italy,Costa Rica,0,1,away_win,Costa Rica,False,False,True,Recife,Brazil,9,28
333,2014-06-20,2014,group,Switzerland,France,2,5,away_win,France,False,False,True,Salvador,Brazil,6,17
334,2014-06-21,2014,group,Argentina,Iran,1,0,home_win,Argentina,False,False,True,Belo Horizonte,Brazil,5,43
335,2014-06-21,2014,group,Germany,Ghana,2,2,draw,,False,False,True,Fortaleza,Brazil,2,37
336,2014-06-21,2014,group,Nigeria,Bosnia and Herzegovina,1,0,home_win,Nigeria,False,False,True,Cuiabá,Brazil,44,21
337,2014-06-22,2014,group,Belgium,Russia,1,0,home_win,Belgium,False,False,True,Rio de Janeiro,Brazil,11,19
338,2014-06-22,2014,group,South Korea,Algeria,2,4,away_win,Algeria,False,False,True,Porto Alegre,Brazil,57,22
339,2014-06-22,2014,group,United States,Portugal,2,2,draw,,False,False,True,Manaus,Brazil,13,4
340,2014-06-23,2014,group,Australia,Spain,0,3,away_win,Spain,False,False,True,Curitiba,Brazil,62,1
341,2014-06-23,2014,group,Brazil,Cameroon,4,1,home_win,Brazil,False,True,False,Brasília,Brazil,3,56
342,2014-06-23,2014,group,Croatia,Mexico,1,3,away_win,Mexico,False,False,True,Recife,Brazil,18,20
343,2014-06-23,2014,group,Netherlands,Chile,2,0,home_win,Netherlands,False,False,True,São Paulo,Brazil,15,14
344,2014-06-24,2014,group,Costa Rica,England,0,0,draw,,False,False,True,Belo Horizonte,Brazil,28,10
345,2014-06-24,2014,group,Greece,Ivory Coast,2,1,home_win,Greece,False,False,True,Fortaleza,Brazil,12,23
346,2014-06-24,2014,group,Italy,Uruguay,0,1,away_win,Uruguay,False,False,True,Natal,Brazil,9,7
347,2014-06-24,2014,group,Japan,Colombia,1,4,away_win,Colombia,False,False,True,Cuiabá,Brazil,46,8
348,2014-06-25,2014,group,Bosnia and Herzegovina,Iran,3,1,home_win,Bosnia and Herzegovina,False,False,True,Salvador,Brazil,21,43
349,2014-06-25,2014,group,Ecuador,France,0,0,draw,,False,False,True,Rio de Janeiro,Brazil,26,17
350,2014-06-25,2014,group,Honduras,Switzerland,0,3,away_win,Switzerland,False,False,True,Manaus,Brazil,33,6
351,2014-06-25,2014,group,Nigeria,Argentina,2,3,away_win,Argentina,False,False,True,Porto Alegre,Brazil,44,5
352,2014-06-26,2014,group,Algeria,Russia,1,1,draw,,False,False,True,Curitiba,Brazil,22,19
353,2014-06-26,2014,group,Portugal,Ghana,2,1,home_win,Portugal,False,False,True,Brasília,Brazil,4,37
354,2014-06-26,2014,group,South Korea,Belgium,0,1,away_win,Belgium,False,False,True,São Paulo,Brazil,57,11
355,2014-06-26,2014,group,United States,Germany,0,1,away_win,Germany,False,False,True,Recife,Brazil,13,2
356,2014-06-28,2014,knockout,Brazil,Chile,1,1,draw,Brazil,True,True,False,Belo Horizonte,Brazil,3,14
357,2014-06-28,2014,knockout,Colombia,Uruguay,2,0,home_win,Colombia,False,False,True,Rio de Janeiro,Brazil,8,7
358,2014-06-29,2014,knockout,Costa Rica,Greece,1,1,draw,Costa Rica,True,False,True,Recife,Brazil,28,12
359,2014-06-29,2014,knockout,Netherlands,Mexico,2,1,home_win,Netherlands,False,False,True,Fortaleza,Brazil,15,20
360,2014-06-30,2014,knockout,France,Nigeria,2,0,home_win,France,False,False,True,Brasília,Brazil,17,44
361,2014-06-30,2014,knockout,Germany,Algeria,2,1,home_win,Germany,False,False,True,Porto Alegre,Brazil,2,22
362,2014-07-01,2014,knockout,Argentina,Switzerland,1,0,home_win,Argentina,False,False,True,São Paulo,Brazil,5,6
363,2014-07-01,2014,knockout,Belgium,United States,2,1,home_win,Belgium,False,False,True,Salvador,Brazil,11,13
364,2014-07-04,2014,knockout,Brazil,Colombia,2,1,home_win,Brazil,False,True,False,Fortaleza,Brazil,3,8
365,2014-07-04,2014,knockout,France,Germany,0,1,away_win,Germany,False,False,True,Rio de Janeiro,Brazil,17,2
366,2014-07-05,2014,knockout,Argentina,Belgium,1,0,home_win,Argentina,False,False,True,Brasília,Brazil,5,11
367,2014-07-05,2014,knockout,Netherlands,Costa Rica,0,0,draw,Netherlands,True,False,True,Salvador,Brazil,15,28
368,2014-07-08,2014,knockout,Brazil,Germany,1,7,away_win,Germany,False,True,False,Belo Horizonte,Brazil,3,2
369,2014-07-09,2014,knockout,Netherlands,Argentina,0,0,draw,Argentina,True,False,True,São Paulo,Brazil,15,5
370,2014-07-12,2014,knockout,Brazil,Netherlands,0,3,away_win,Netherlands,False,True,False,Brasília,Brazil,3,15
371,2014-07-13,2014,knockout,Germany,Argentina,1,0,home_win,Germany,False,False,True,Rio de Janeiro,Brazil,2,5
372,2018-06-14,2018,group,Russia,Saudi Arabia,5,0,home_win,Russia,False,True,False,Moscow,Russia,70,67
373,2018-06-15,2018,group,Egypt,Uruguay,0,1,away_win,Uruguay,False,False,True,Ekaterinburg,Russia,45,14
374,2018-06-15,2018,group,Morocco,Iran,0,1,away_win,Iran,False,False,True,Saint Petersburg,Russia,41,37
375,2018-06-15,2018,group,Portugal,Spain,3,3,draw,,False,False,True,Sochi,Russia,4,10
376,2018-06-16,2018,group,Argentina,Iceland,1,1,draw,,False,False,True,Moscow,Russia,5,22
377,2018-06-16,2018,group,Croatia,Nigeria,2,0,home_win,Croatia,False,False,True,Kaliningrad,Russia,20,48
378,2018-06-16,2018,group,France,Australia,2,1,home_win,France,False,False,True,Kazan,Russia,7,36
379,2018-06-16,2018,group,Peru,Denmark,0,1,away_win,Denmark,False,False,True,Saransk,Russia,11,12
380,2018-06-17,2018,group,Brazil,Switzerland,1,1,draw,,False,False,True,Rostov-on-Don,Russia,2,6
381,2018-06-17,2018,group,Costa Rica,Serbia,0,1,away_win,Serbia,False,False,True,Samara,Russia,23,34
382,2018-06-17,2018,group,Germany,Mexico,0,1,away_win,Mexico,False,False,True,Moscow,Russia,1,15
383,2018-06-18,2018,group,Belgium,Panama,3,0,home_win,Belgium,False,False,True,Sochi,Russia,3,55
384,2018-06-18,2018,group,Sweden,South Korea,1,0,home_win,Sweden,False,False,True,Nizhny Novgorod,Russia,24,57
385,2018-06-18,2018,group,Tunisia,England,1,2,away_win,England,False,False,True,Volgograd,Russia,21,12
386,2018-06-19,2018,group,Colombia,Japan,1,2,away_win,Japan,False,False,True,Saransk,Russia,16,61
387,2018-06-19,2018,group,Poland,Senegal,1,2,away_win,Senegal,False,False,True,Moscow,Russia,8,27
388,2018-06-19,2018,group,Russia,Egypt,3,1,home_win,Russia,False,True,False,Saint Petersburg,Russia,70,45
389,2018-06-20,2018,group,Iran,Spain,0,1,away_win,Spain,False,False,True,Kazan,Russia,37,10
390,2018-06-20,2018,group,Portugal,Morocco,1,0,home_win,Portugal,False,False,True,Moscow,Russia,4,41
391,2018-06-20,2018,group,Uruguay,Saudi Arabia,1,0,home_win,Uruguay,False,False,True,Rostov-on-Don,Russia,14,67
392,2018-06-21,2018,group,Argentina,Croatia,0,3,away_win,Croatia,False,False,True,Nizhny Novgorod,Russia,5,20
393,2018-06-21,2018,group,Denmark,Australia,1,1,draw,,False,False,True,Samara,Russia,12,36
394,2018-06-21,2018,group,France,Peru,1,0,home_win,France,False,False,True,Ekaterinburg,Russia,7,11
395,2018-06-22,2018,group,Brazil,Costa Rica,2,0,home_win,Brazil,False,False,True,Saint Petersburg,Russia,2,23
396,2018-06-22,2018,group,Nigeria,Iceland,2,0,home_win,Nigeria,False,False,True,Volgograd,Russia,48,22
397,2018-06-22,2018,group,Serbia,Switzerland,1,2,away_win,Switzerland,False,False,True,Kaliningrad,Russia,34,6
398,2018-06-23,2018,group,Belgium,Tunisia,5,2,home_win,Belgium,False,False,True,Moscow,Russia,3,21
399,2018-06-23,2018,group,Germany,Sweden,2,1,home_win,Germany,False,False,True,Sochi,Russia,1,24
400,2018-06-23,2018,group,South Korea,Mexico,1,2,away_win,Mexico,False,False,True,Rostov-on-Don,Russia,57,15
401,2018-06-24,2018,group,England,Panama,6,1,home_win,England,False,False,True,Nizhny Novgorod,Russia,12,55
402,2018-06-24,2018,group,Japan,Senegal,2,2,draw,,False,False,True,Ekaterinburg,Russia,61,27
403,2018-06-24,2018,group,Poland,Colombia,0,3,away_win,Colombia,False,False,True,Kazan,Russia,8,16
404,2018-06-25,2018,group,Iran,Portugal,1,1,draw,,False,False,True,Saransk,Russia,37,4
405,2018-06-25,2018,group,Russia,Uruguay,0,3,away_win,Uruguay,False,True,False,Samara,Russia,70,14
406,2018-06-25,2018,group,Saudi Arabia,Egypt,2,1,home_win,Saudi Arabia,False,False,True,Volgograd,Russia,67,45
407,2018-06-25,2018,group,Spain,Morocco,2,2,draw,,False,False,True,Kaliningrad,Russia,10,41
408,2018-06-26,2018,group,Australia,Peru,0,2,away_win,Peru,False,False,True,Sochi,Russia,36,11
409,2018-06-26,2018,group,Denmark,France,0,0,draw,,False,False,True,Moscow,Russia,12,7
410,2018-06-26,2018,group,Iceland,Croatia,1,2,away_win,Croatia,False,False,True,Rostov-on-Don,Russia,22,20
411,2018-06-26,2018,group,Nigeria,Argentina,1,2,away_win,Argentina,False,False,True,Saint Petersburg,Russia,48,5
412,2018-06-27,2018,group,Mexico,Sweden,0,3,away_win,Sweden,False,False,True,Ekaterinburg,Russia,15,24
413,2018-06-27,2018,group,Serbia,Brazil,0,2,away_win,Brazil,False,False,True,Moscow,Russia,34,2
414,2018-06-27,2018,group,South Korea,Germany,2,0,home_win,South Korea,False,False,True,Kazan,Russia,57,1
415,2018-06-27,2018,group,Switzerland,Costa Rica,2,2,draw,,False,False,True,Nizhny Novgorod,Russia,6,23
416,2018-06-28,2018,group,England,Belgium,0,1,away_win,Belgium,False,False,True,Kaliningrad,Russia,12,3
417,2018-06-28,2018,group,Japan,Poland,0,1,away_win,Poland,False,False,True,Volgograd,Russia,61,8
418,2018-06-28,2018,group,Panama,Tunisia,1,2,away_win,Tunisia,False,False,True,Saransk,Russia,55,21
419,2018-06-28,2018,group,Senegal,Colombia,0,1,away_win,Colombia,False,False,True,Samara,Russia,27,16
420,2018-06-30,2018,knockout,France,Argentina,4,3,home_win,France,False,False,True,Kazan,Russia,7,5
421,2018-06-30,2018,knockout,Uruguay,Portugal,2,1,home_win,Uruguay,False,False,True,Sochi,Russia,14,4
422,2018-07-01,2018,knockout,Croatia,Denmark,1,1,draw,Croatia,True,False,True,Nizhny Novgorod,Russia,20,12
423,2018-07-01,2018,knockout,Russia,Spain,1,1,draw,Russia,True,True,False,Moscow,Russia,70,10
424,2018-07-02,2018,knockout,Belgium,Japan,3,2,home_win,Belgium,False,False,True,Rostov-on-Don,Russia,3,61
425,2018-07-02,2018,knockout,Brazil,Mexico,2,0,home_win,Brazil,False,False,True,Samara,Russia,2,15
426,2018-07-03,2018,knockout,Colombia,England,1,1,draw,England,True,False,True,Moscow,Russia,16,12
427,2018-07-03,2018,knockout,Sweden,Switzerland,1,0,home_win,Sweden,False,False,True,Saint Petersburg,Russia,24,6
428,2018-07-06,2018,knockout,Brazil,Belgium,1,2,away_win,Belgium,False,False,True,Kazan,Russia,2,3
429,2018-07-06,2018,knockout,Uruguay,France,0,2,away_win,France,False,False,True,Nizhny Novgorod,Russia,14,7
430,2018-07-07,2018,knockout,Russia,Croatia,2,2,draw,Croatia,True,True,False,Sochi,Russia,70,20
431,2018-07-07,2018,knockout,Sweden,England,0,2,away_win,England,False,False,True,Samara,Russia,24,12
432,2018-07-10,2018,knockout,France,Belgium,1,0,home_win,France,False,False,True,Saint Petersburg,Russia,7,3
433,2018-07-11,2018,knockout,Croatia,England,2,1,home_win,Croatia,False,False,True,Moscow,Russia,20,12
434,2018-07-14,2018,knockout,Belgium,England,2,0,home_win,Belgium,False,False,True,Saint Petersburg,Russia,3,12
435,2018-07-15,2018,knockout,France,Croatia,4,2,home_win,France,False,False,True,Moscow,Russia,7,20
436,2022-11-20,2022,group,Qatar,Ecuador,0,2,away_win,Ecuador,False,True,False,Al Khor,Qatar,50,44
437,2022-11-21,2022,group,England,Iran,6,2,home_win,England,False,False,True,Al Rayyan,Qatar,5,20
438,2022-11-21,2022,group,Senegal,Netherlands,0,2,away_win,Netherlands,False,False,True,Doha,Qatar,18,8
439,2022-11-21,2022,group,United States,Wales,1,1,draw,,False,False,True,Al Rayyan,Qatar,16,19
440,2022-11-22,2022,group,Argentina,Saudi Arabia,1,2,away_win,Saudi Arabia,False,False,True,Lusail,Qatar,3,51
441,2022-11-22,2022,group,Denmark,Tunisia,0,0,draw,,False,False,True,Al Rayyan,Qatar,10,30
442,2022-11-22,2022,group,France,Australia,4,1,home_win,France,False,False,True,Al Wakrah,Qatar,4,38
443,2022-11-22,2022,group,Mexico,Poland,0,0,draw,,False,False,True,Doha,Qatar,13,26
444,2022-11-23,2022,group,Belgium,Canada,1,0,home_win,Belgium,False,False,True,Al Rayyan,Qatar,2,41
445,2022-11-23,2022,group,Germany,Japan,1,2,away_win,Japan,False,False,True,Al Rayyan,Qatar,11,24
446,2022-11-23,2022,group,Morocco,Croatia,0,0,draw,,False,False,True,Al Khor,Qatar,22,12
447,2022-11-23,2022,group,Spain,Costa Rica,7,0,home_win,Spain,False,False,True,Doha,Qatar,7,31
448,2022-11-24,2022,group,Brazil,Serbia,2,0,home_win,Brazil,False,False,True,Lusail,Qatar,1,21
449,2022-11-24,2022,group,Portugal,Ghana,3,2,home_win,Portugal,False,False,True,Doha,Qatar,9,61
450,2022-11-24,2022,group,Switzerland,Cameroon,1,0,home_win,Switzerland,False,False,True,Al Wakrah,Qatar,15,43
451,2022-11-24,2022,group,Uruguay,South Korea,0,0,draw,,False,False,True,Al Rayyan,Qatar,14,28
452,2022-11-25,2022,group,England,United States,0,0,draw,,False,False,True,Al Khor,Qatar,5,16
453,2022-11-25,2022,group,Netherlands,Ecuador,1,1,draw,,False,False,True,Al Rayyan,Qatar,8,44
454,2022-11-25,2022,group,Qatar,Senegal,1,3,away_win,Senegal,False,True,False,Doha,Qatar,50,18
455,2022-11-25,2022,group,Wales,Iran,0,2,away_win,Iran,False,False,True,Al Rayyan,Qatar,19,20
456,2022-11-26,2022,group,Argentina,Mexico,2,0,home_win,Argentina,False,False,True,Lusail,Qatar,3,13
457,2022-11-26,2022,group,France,Denmark,2,1,home_win,France,False,False,True,Doha,Qatar,4,10
458,2022-11-26,2022,group,Poland,Saudi Arabia,2,0,home_win,Poland,False,False,True,Al Rayyan,Qatar,26,51
459,2022-11-26,2022,group,Tunisia,Australia,0,1,away_win,Australia,False,False,True,Al Wakrah,Qatar,30,38
460,2022-11-27,2022,group,Belgium,Morocco,0,2,away_win,Morocco,False,False,True,Doha,Qatar,2,22
461,2022-11-27,2022,group,Croatia,Canada,4,1,home_win,Croatia,False,False,True,Al Rayyan,Qatar,12,41
462,2022-11-27,2022,group,Japan,Costa Rica,0,1,away_win,Costa Rica,False,False,True,Al Rayyan,Qatar,24,31
463,2022-11-27,2022,group,Spain,Germany,1,1,draw,,False,False,True,Al Khor,Qatar,7,11
464,2022-11-28,2022,group,Brazil,Switzerland,1,0,home_win,Brazil,False,False,True,Doha,Qatar,1,15
465,2022-11-28,2022,group,Cameroon,Serbia,3,3,draw,,False,False,True,Al Wakrah,Qatar,43,21
466,2022-11-28,2022,group,Portugal,Uruguay,2,0,home_win,Portugal,False,False,True,Lusail,Qatar,9,14
467,2022-11-28,2022,group,South Korea,Ghana,2,3,away_win,Ghana,False,False,True,Al Rayyan,Qatar,28,61
468,2022-11-29,2022,group,Ecuador,Senegal,1,2,away_win,Senegal,False,False,True,Al Rayyan,Qatar,44,18
469,2022-11-29,2022,group,Iran,United States,0,1,away_win,United States,False,False,True,Doha,Qatar,20,16
470,2022-11-29,2022,group,Qatar,Netherlands,0,2,away_win,Netherlands,False,True,False,Al Khor,Qatar,50,8
471,2022-11-29,2022,group,Wales,England,0,3,away_win,England,False,False,True,Al Rayyan,Qatar,19,5
472,2022-11-30,2022,group,Australia,Denmark,1,0,home_win,Australia,False,False,True,Al Wakrah,Qatar,38,10
473,2022-11-30,2022,group,Poland,Argentina,0,2,away_win,Argentina,False,False,True,Doha,Qatar,26,3
474,2022-11-30,2022,group,Saudi Arabia,Mexico,1,2,away_win,Mexico,False,False,True,Lusail,Qatar,51,13
475,2022-11-30,2022,group,Tunisia,France,1,0,home_win,Tunisia,False,False,True,Al Rayyan,Qatar,30,4
476,2022-12-01,2022,group,Canada,Morocco,1,2,away_win,Morocco,False,False,True,Doha,Qatar,41,22
477,2022-12-01,2022,group,Costa Rica,Germany,2,4,away_win,Germany,False,False,True,Al Khor,Qatar,31,11
478,2022-12-01,2022,group,Croatia,Belgium,0,0,draw,,False,False,True,Al Rayyan,Qatar,12,2
479,2022-12-01,2022,group,Japan,Spain,2,1,home_win,Japan,False,False,True,Al Rayyan,Qatar,24,7
480,2022-12-02,2022,group,Cameroon,Brazil,1,0,home_win,Cameroon,False,False,True,Lusail,Qatar,43,1
481,2022-12-02,2022,group,Ghana,Uruguay,0,2,away_win,Uruguay,False,False,True,Al Wakrah,Qatar,61,14
482,2022-12-02,2022,group,Serbia,Switzerland,2,3,away_win,Switzerland,False,False,True,Doha,Qatar,21,15
483,2022-12-02,2022,group,South Korea,Portugal,2,1,home_win,South Korea,False,False,True,Al Rayyan,Qatar,28,9
484,2022-12-03,2022,knockout,Argentina,Australia,2,1,home_win,Argentina,False,False,True,Al Rayyan,Qatar,3,38
485,2022-12-03,2022,knockout,Netherlands,United States,3,1,home_win,Netherlands,False,False,True,Al Rayyan,Qatar,8,16
486,2022-12-04,2022,knockout,England,Senegal,3,0,home_win,England,False,False,True,Al Khor,Qatar,5,18
487,2022-12-04,2022,knockout,France,Poland,3,1,home_win,France,False,False,True,Doha,Qatar,4,26
488,2022-12-05,2022,knockout,Brazil,South Korea,4,1,home_win,Brazil,False,False,True,Doha,Qatar,1,28
489,2022-12-05,2022,knockout,Japan,Croatia,1,1,draw,Croatia,True,False,True,Al Wakrah,Qatar,24,12
490,2022-12-06,2022,knockout,Morocco,Spain,0,0,draw,Morocco,True,False,True,Al Rayyan,Qatar,22,7
491,2022-12-06,2022,knockout,Portugal,Switzerland,6,1,home_win,Portugal,False,False,True,Lusail,Qatar,9,15
492,2022-12-09,2022,knockout,Croatia,Brazil,1,1,draw,Croatia,True,False,True,Al Rayyan,Qatar,12,1
493,2022-12-09,2022,knockout,Netherlands,Argentina,2,2,draw,Argentina,True,False,True,Lusail,Qatar,8,3
494,2022-12-10,2022,knockout,England,France,1,2,away_win,France,False,False,True,Al Khor,Qatar,5,4
495,2022-12-10,2022,knockout,Morocco,Portugal,1,0,home_win,Morocco,False,False,True,Doha,Qatar,22,9
496,2022-12-13,2022,knockout,Argentina,Croatia,3,0,home_win,Argentina,False,False,True,Lusail,Qatar,3,12
497,2022-12-14,2022,knockout,France,Morocco,2,0,home_win,France,False,False,True,Al Khor,Qatar,4,22
498,2022-12-17,2022,knockout,Croatia,Morocco,2,1,home_win,Croatia,False,False,True,Al Rayyan,Qatar,12,22
499,2022-12-18,2022,knockout,Argentina,France,3,3,draw,Argentina,True,False,True,Lusail,Qatar,3,4
500,2026-06-11,2026,group,Mexico,South Africa,2,0,home_win,Mexico,False,True,False,Mexico City,Mexico,14,60
501,2026-06-11,2026,group,South Korea,Czech Republic,2,1,home_win,South Korea,False,False,True,Zapopan,Mexico,25,40
502,2026-06-12,2026,group,Canada,Bosnia and Herzegovina,1,1,draw,,False,True,False,Toronto,Canada,30,64
503,2026-06-12,2026,group,United States,Paraguay,4,1,home_win,United States,False,True,False,Inglewood,United States,17,41
504,2026-06-13,2026,group,Australia,Turkey,2,0,home_win,Australia,False,False,True,Vancouver,Canada,27,22
505,2026-06-13,2026,group,Brazil,Morocco,1,1,draw,,False,False,True,East Rutherford,United States,6,7
506,2026-06-13,2026,group,Haiti,Scotland,0,1,away_win,Scotland,False,False,True,Foxborough,United States,83,42
507,2026-06-13,2026,group,Qatar,Switzerland,1,1,draw,,False,False,True,Santa Clara,United States,56,19
508,2026-06-14,2026,group,Germany,Curaçao,7,1,home_win,Germany,False,False,True,Houston,United States,10,82
509,2026-06-14,2026,group,Ivory Coast,Ecuador,1,0,home_win,Ivory Coast,False,False,True,Philadelphia,United States,33,23
510,2026-06-14,2026,group,Netherlands,Japan,2,2,draw,,False,False,True,Arlington,United States,8,18
511,2026-06-14,2026,group,Sweden,Tunisia,5,1,home_win,Sweden,False,False,True,Guadalupe,Mexico,38,45
512,2026-06-15,2026,group,Belgium,Egypt,1,1,draw,,False,False,True,Seattle,United States,9,29
513,2026-06-15,2026,group,Iran,New Zealand,2,2,draw,,False,False,True,Inglewood,United States,20,85
514,2026-06-15,2026,group,Saudi Arabia,Uruguay,1,1,draw,,False,False,True,Miami Gardens,United States,61,16
515,2026-06-15,2026,group,Spain,Cape Verde,0,0,draw,,False,False,True,Atlanta,United States,2,67
516,2026-06-16,2026,group,Argentina,Algeria,3,0,home_win,Argentina,False,False,True,Kansas City,United States,1,28
517,2026-06-16,2026,group,Austria,Jordan,3,1,home_win,Austria,False,False,True,Santa Clara,United States,24,63
518,2026-06-16,2026,group,France,Senegal,3,1,home_win,France,False,False,True,East Rutherford,United States,3,15
519,2026-06-16,2026,group,Iraq,Norway,1,4,away_win,Norway,False,False,True,Foxborough,United States,57,31
520,2026-06-17,2026,group,England,Croatia,4,2,home_win,England,False,False,True,Arlington,United States,4,11
521,2026-06-17,2026,group,Ghana,Panama,1,0,home_win,Ghana,False,False,True,Toronto,Canada,73,34
522,2026-06-17,2026,group,Portugal,DR Congo,1,1,draw,,False,False,True,Houston,United States,5,46
523,2026-06-17,2026,group,Uzbekistan,Colombia,1,3,away_win,Colombia,False,False,True,Mexico City,Mexico,50,13
524,2026-06-18,2026,group,Canada,Qatar,6,0,home_win,Canada,False,True,False,Vancouver,Canada,30,56
525,2026-06-18,2026,group,Czech Republic,South Africa,1,1,draw,,False,False,True,Atlanta,United States,40,60
526,2026-06-18,2026,group,Mexico,South Korea,1,0,home_win,Mexico,False,True,False,Zapopan,Mexico,14,25
527,2026-06-18,2026,group,Switzerland,Bosnia and Herzegovina,4,1,home_win,Switzerland,False,False,True,Inglewood,United States,19,64
528,2026-06-19,2026,group,Brazil,Haiti,3,0,home_win,Brazil,False,False,True,Philadelphia,United States,6,83
529,2026-06-19,2026,group,Scotland,Morocco,0,1,away_win,Morocco,False,False,True,Foxborough,United States,42,7
530,2026-06-19,2026,group,Turkey,Paraguay,0,1,away_win,Paraguay,False,False,True,Santa Clara,United States,22,41
531,2026-06-19,2026,group,United States,Australia,2,0,home_win,United States,False,True,False,Seattle,United States,17,27
532,2026-06-20,2026,group,Ecuador,Curaçao,0,0,draw,,False,False,True,Kansas City,United States,23,82
533,2026-06-20,2026,group,Germany,Ivory Coast,2,1,home_win,Germany,False,False,True,Toronto,Canada,10,33
534,2026-06-20,2026,group,Netherlands,Sweden,5,1,home_win,Netherlands,False,False,True,Houston,United States,8,38
535,2026-06-20,2026,group,Tunisia,Japan,0,4,away_win,Japan,False,False,True,Guadalupe,Mexico,45,18
536,2026-06-21,2026,group,Belgium,Iran,0,0,draw,,False,False,True,Inglewood,United States,9,20
537,2026-06-21,2026,group,New Zealand,Egypt,1,3,away_win,Egypt,False,False,True,Vancouver,Canada,85,29
538,2026-06-21,2026,group,Spain,Saudi Arabia,4,0,home_win,Spain,False,False,True,Atlanta,United States,2,61
539,2026-06-21,2026,group,Uruguay,Cape Verde,2,2,draw,,False,False,True,Miami Gardens,United States,16,67
540,2026-06-22,2026,group,Argentina,Austria,2,0,home_win,Argentina,False,False,True,Arlington,United States,1,24
541,2026-06-22,2026,group,France,Iraq,3,0,home_win,France,False,False,True,Philadelphia,United States,3,57
542,2026-06-22,2026,group,Jordan,Algeria,1,2,away_win,Algeria,False,False,True,Santa Clara,United States,63,28
543,2026-06-22,2026,group,Norway,Senegal,3,2,home_win,Norway,False,False,True,East Rutherford,United States,31,15
544,2026-06-23,2026,group,Colombia,DR Congo,1,0,home_win,Colombia,False,False,True,Zapopan,Mexico,13,46
545,2026-06-23,2026,group,England,Ghana,0,0,draw,,False,False,True,Foxborough,United States,4,73
546,2026-06-23,2026,group,Panama,Croatia,0,1,away_win,Croatia,False,False,True,Toronto,Canada,34,11
547,2026-06-23,2026,group,Portugal,Uzbekistan,5,0,home_win,Portugal,False,False,True,Houston,United States,5,50
548,2026-06-24,2026,group,Bosnia and Herzegovina,Qatar,3,1,home_win,Bosnia and Herzegovina,False,False,True,Seattle,United States,64,56
549,2026-06-24,2026,group,Canada,Switzerland,1,2,away_win,Switzerland,False,True,False,Vancouver,Canada,30,19
550,2026-06-24,2026,group,Mexico,Czech Republic,3,0,home_win,Mexico,False,True,False,Mexico City,Mexico,14,40
551,2026-06-24,2026,group,Morocco,Haiti,4,2,home_win,Morocco,False,False,True,Atlanta,United States,7,83
552,2026-06-24,2026,group,Scotland,Brazil,0,3,away_win,Brazil,False,False,True,Miami Gardens,United States,42,6
553,2026-06-24,2026,group,South Africa,South Korea,1,0,home_win,South Africa,False,False,True,Guadalupe,Mexico,60,25
554,2026-06-25,2026,group,Curaçao,Ivory Coast,0,2,away_win,Ivory Coast,False,False,True,Philadelphia,United States,82,33
555,2026-06-25,2026,group,Ecuador,Germany,2,1,home_win,Ecuador,False,False,True,East Rutherford,United States,23,10
556,2026-06-25,2026,group,Japan,Sweden,1,1,draw,,False,False,True,Arlington,United States,18,38
557,2026-06-25,2026,group,Paraguay,Australia,0,0,draw,,False,False,True,Santa Clara,United States,41,27
558,2026-06-25,2026,group,Tunisia,Netherlands,1,3,away_win,Netherlands,False,False,True,Kansas City,United States,45,8
559,2026-06-25,2026,group,United States,Turkey,2,3,away_win,Turkey,False,True,False,Inglewood,United States,17,22
560,2026-06-26,2026,group,Cape Verde,Saudi Arabia,0,0,draw,,False,False,True,Houston,United States,67,61
561,2026-06-26,2026,group,Egypt,Iran,1,1,draw,,False,False,True,Seattle,United States,29,20
562,2026-06-26,2026,group,New Zealand,Belgium,1,5,away_win,Belgium,False,False,True,Vancouver,Canada,85,9
563,2026-06-26,2026,group,Norway,France,1,4,away_win,France,False,False,True,Foxborough,United States,31,3
564,2026-06-26,2026,group,Senegal,Iraq,5,0,home_win,Senegal,False,False,True,Toronto,Canada,15,57
565,2026-06-26,2026,group,Uruguay,Spain,0,1,away_win,Spain,False,False,True,Zapopan,Mexico,16,2
566,2026-06-27,2026,group,Algeria,Austria,3,3,draw,,False,False,True,Kansas City,United States,28,24
567,2026-06-27,2026,group,Colombia,Portugal,0,0,draw,,False,False,True,Miami Gardens,United States,13,5
568,2026-06-27,2026,group,Croatia,Ghana,2,1,home_win,Croatia,False,False,True,Philadelphia,United States,11,73
569,2026-06-27,2026,group,DR Congo,Uzbekistan,3,1,home_win,DR Congo,False,False,True,Atlanta,United States,46,50
570,2026-06-27,2026,group,Jordan,Argentina,1,3,away_win,Argentina,False,False,True,Arlington,United States,63,1
571,2026-06-27,2026,group,Panama,England,0,2,away_win,England,False,False,True,East Rutherford,United States,34,4
572,2026-06-28,2026,knockout,South Africa,Canada,0,1,away_win,Canada,False,True,True,Inglewood,United States,60,30
573,2026-06-29,2026,knockout,Brazil,Japan,2,1,home_win,Brazil,False,False,True,Houston,United States,6,18
574,2026-06-29,2026,knockout,Germany,Paraguay,1,1,draw,Paraguay,True,False,True,Foxborough,United States,10,41
575,2026-06-29,2026,knockout,Netherlands,Morocco,1,1,draw,Morocco,True,False,True,Guadalupe,Mexico,8,7
576,2026-06-30,2026,knockout,France,Sweden,3,0,home_win,France,False,False,True,East Rutherford,United States,3,38
577,2026-06-30,2026,knockout,Ivory Coast,Norway,1,2,away_win,Norway,False,False,True,Arlington,United States,33,31
578,2026-06-30,2026,knockout,Mexico,Ecuador,2,0,home_win,Mexico,False,True,False,Mexico City,Mexico,14,23
579,2026-07-01,2026,knockout,Belgium,Senegal,3,2,home_win,Belgium,False,False,True,Seattle,United States,9,15
580,2026-07-01,2026,knockout,England,DR Congo,2,1,home_win,England,False,False,True,Atlanta,United States,4,46
581,2026-07-01,2026,knockout,United States,Bosnia and Herzegovina,2,0,home_win,United States,False,True,False,Santa Clara,United States,17,64
582,2026-07-02,2026,knockout,Portugal,Croatia,2,1,home_win,Portugal,False,False,True,Toronto,Canada,5,11
583,2026-07-02,2026,knockout,Spain,Austria,3,0,home_win,Spain,False,False,True,Inglewood,United States,2,24
584,2026-07-02,2026,knockout,Switzerland,Algeria,2,0,home_win,Switzerland,False,False,True,Vancouver,Canada,19,28
585,2026-07-03,2026,knockout,Argentina,Cape Verde,3,2,home_win,Argentina,False,False,True,Miami Gardens,United States,1,67
586,2026-07-03,2026,knockout,Australia,Egypt,1,1,draw,Egypt,True,False,True,Arlington,United States,27,29
587,2026-07-03,2026,knockout,Colombia,Ghana,1,0,home_win,Colombia,False,False,True,Kansas City,United States,13,73
588,2026-07-04,2026,knockout,Canada,Morocco,0,3,away_win,Morocco,False,True,True,Houston,United States,30,7
589,2026-07-04,2026,knockout,Paraguay,France,0,1,away_win,France,False,False,True,Philadelphia,United States,41,3
590,2026-07-05,2026,knockout,Brazil,Norway,1,2,away_win,Norway,False,False,True,East Rutherford,United States,6,31
591,2026-07-05,2026,knockout,Mexico,England,2,3,away_win,England,False,True,False,Mexico City,Mexico,14,4
592,2026-07-06,2026,knockout,Portugal,Spain,0,1,away_win,Spain,False,False,True,Dallas,United States,5,2
593,2026-07-06,2026,knockout,United States,Belgium,1,4,away_win,Belgium,False,True,False,Seattle,United States,17,9
594,2026-07-07,2026,knockout,Argentina,Egypt,3,2,home_win,Argentina,False,False,True,Atlanta,United States,1,29
595,2026-07-07,2026,knockout,Switzerland,Colombia,0,0,draw,Switzerland,True,False,True,Vancouver,Canada,19,13
596,2026-07-09,2026,knockout,France,Morocco,2,0,home_win,France,False,False,True,Foxborough,United States,3,7
597,2026-07-10,2026,knockout,Spain,Belgium,2,1,home_win,Spain,False,False,True,Inglewood,United States,2,9
598,2026-07-11,2026,knockout,Argentina,Switzerland,3,1,home_win,Argentina,False,False,True,Kansas City,United States,1,19
599,2026-07-11,2026,knockout,Norway,England,1,2,away_win,England,False,False,True,Miami Gardens,United States,31,4
600,2026-07-14,2026,knockout,France,Spain,0,2,away_win,Spain,False,False,True,Arlington,United States,3,2
601,2026-07-15,2026,knockout,England,Argentina,1,2,away_win,Argentina,False,False,True,Atlanta,United States,4,1
602,2026-07-18,2026,knockout,France,England,4,6,away_win,England,False,False,True,Miami Gardens,United States,3,4
603,2026-07-19,2026,knockout,Spain,Argentina,1,0,home_win,Spain,False,False,True,East Rutherford,United States,2,1
